Workbook

Sheet Assumptions
A1: WMB PRICING MATRIX — ASSUMPTIONS
A3: ANCHOR RATE & PRODUCT PREMIUMS | H3: MONTH → SEASON
A4: Parameter | B4: Value | C4: Units | D4: Notes | H4: Month | I4: Season | J4: Season Index
A5: Anchor Rate (GH · Low · Mon–Wed) | B5: 345 | C5: USD / night | D5: Change this cell to shift all rates | H5: January | I5: Low
A6: Greenhouse Premium | B6: 1 | C6: × Greenhouse rate | D6: Applied to all Greenhouse cells | H6: February | I6: Shoulder
A7: Spyglass Premium | B7: 1.2 | C7: × Greenhouse rate | D7: Applied to all Greenhouse cells | H7: March | I7: High
H8: April | I8: High
A9: SEASONAL TIER INDICES | H9: May | I9: Peak
A10: Season | B10: Months | C10: Occ% (2025) | D10: Index | E10: Eff. × Anchor | H10: June | I10: Peak
A11: Peak | B11: May, Jun | D11: 1.3 | E11: =D11/D14 | H11: July | I11: Low
A12: High | B12: Mar, Apr, Oct, Dec | D12: 1.15 | E12: =D12/D14 | H12: August | I12: Shoulder
A13: Shoulder | B13: Feb, Aug, Sep, Nov | D13: 1 | E13: =D13/D14 | H13: September | I13: Shoulder
A14: Low | B14: Jan, Jul | D14: 0.85 | E14: =D14/D14 | H14: October | I14: High
H15: November | I15: Shoulder
A16: DAY-OF-WEEK TIER INDICES | H16: December | I16: High
A17: Tier | B17: Days | C17: Occ% | D17: Index | E17: Eff. × Anchor DOW
A18: D5 | B18: Saturday | D18: 1.9 | E18: =D18/D22
A19: D4 | B19: Friday | D19: 1.4 | E19: =D19/D22
A20: D3 | B20: Sunday | D20: 1.22 | E20: =D20/D22
A21: D2 | B21: Thursday | D21: 1.15 | E21: =D21/D22
A22: D1 | B22: Monday, Tuesday, Wednesday | D22: 1.05 | E22: =D22/D22

Sheet Greenhouse
A1: GREENHOUSE — NIGHTLY RATE MATRIX (USD)
A2: All rates are formulas — change Anchor on Assumptions tab to shift everything
A3: Month \ DOW | B3: D1 | C3: D1 | D3: D1 | E3: D2 | F3: D4 | G3: D5 | H3: D3
B4: Mon | C4: Tue | D4: Wed | E4: Thu | F4: Fri | G4: Sat | H4: Sun
A5: January | B5: =ROUND(Assumptions!$B$5*(Assumptions!$D$14/Assumptions!$D$14)*(Assumptions!$D$22/Assumptions!$D$22)*Assumptions!$B$6,0) | C5: =ROUND(Assumptions!$B$5*(Assumptions!$D$14/Assumptions!$D$14)*(Assumptions!$D$22/Assumptions!$D$22)*Assumptions!$B$6,0) | D5: =ROUND(Assumptions!$B$5*(Assumptions!$D$14/Assumptions!$D$14)*(Assumptions!$D$22/Assumptions!$D$22)*Assumptions!$B$6,0) | E5: =ROUND(Assumptions!$B$5*(Assumptions!$D$14/Assumptions!$D$14)*(Assumptions!$D$21/Assumptions!$D$22)*Assumptions!$B$6,0) | F5: =ROUND(Assumptions!$B$5*(Assumptions!$D$14/Assumptions!$D$14)*(Assumptions!$D$19/Assumptions!$D$22)*Assumptions!$B$6,0) | G5: =ROUND(Assumptions!$B$5*(Assumptions!$D$14/Assumptions!$D$14)*(Assumptions!$D$18/Assumptions!$D$22)*Assumptions!$B$6,0) | H5: =ROUND(Assumptions!$B$5*(Assumptions!$D$14/Assumptions!$D$14)*(Assumptions!$D$20/Assumptions!$D$22)*Assumptions!$B$6,0)
A6: February | B6: =ROUND(Assumptions!$B$5*(Assumptions!$D$13/Assumptions!$D$14)*(Assumptions!$D$22/Assumptions!$D$22)*Assumptions!$B$6,0) | C6: =ROUND(Assumptions!$B$5*(Assumptions!$D$13/Assumptions!$D$14)*(Assumptions!$D$22/Assumptions!$D$22)*Assumptions!$B$6,0) | D6: =ROUND(Assumptions!$B$5*(Assumptions!$D$13/Assumptions!$D$14)*(Assumptions!$D$22/Assumptions!$D$22)*Assumptions!$B$6,0) | E6: =ROUND(Assumptions!$B$5*(Assumptions!$D$13/Assumptions!$D$14)*(Assumptions!$D$21/Assumptions!$D$22)*Assumptions!$B$6,0) | F6: =ROUND(Assumptions!$B$5*(Assumptions!$D$13/Assumptions!$D$14)*(Assumptions!$D$19/Assumptions!$D$22)*Assumptions!$B$6,0) | G6: =ROUND(Assumptions!$B$5*(Assumptions!$D$13/Assumptions!$D$14)*(Assumptions!$D$18/Assumptions!$D$22)*Assumptions!$B$6,0) | H6: =ROUND(Assumptions!$B$5*(Assumptions!$D$13/Assumptions!$D$14)*(Assumptions!$D$20/Assumptions!$D$22)*Assumptions!$B$6,0)
A7: March | B7: =ROUND(Assumptions!$B$5*(Assumptions!$D$12/Assumptions!$D$14)*(Assumptions!$D$22/Assumptions!$D$22)*Assumptions!$B$6,0) | C7: =ROUND(Assumptions!$B$5*(Assumptions!$D$12/Assumptions!$D$14)*(Assumptions!$D$22/Assumptions!$D$22)*Assumptions!$B$6,0) | D7: =ROUND(Assumptions!$B$5*(Assumptions!$D$12/Assumptions!$D$14)*(Assumptions!$D$22/Assumptions!$D$22)*Assumptions!$B$6,0) | E7: =ROUND(Assumptions!$B$5*(Assumptions!$D$12/Assumptions!$D$14)*(Assumptions!$D$21/Assumptions!$D$22)*Assumptions!$B$6,0) | F7: =ROUND(Assumptions!$B$5*(Assumptions!$D$12/Assumptions!$D$14)*(Assumptions!$D$19/Assumptions!$D$22)*Assumptions!$B$6,0) | G7: =ROUND(Assumptions!$B$5*(Assumptions!$D$12/Assumptions!$D$14)*(Assumptions!$D$18/Assumptions!$D$22)*Assumptions!$B$6,0) | H7: =ROUND(Assumptions!$B$5*(Assumptions!$D$12/Assumptions!$D$14)*(Assumptions!$D$20/Assumptions!$D$22)*Assumptions!$B$6,0)
A8: April | B8: =ROUND(Assumptions!$B$5*(Assumptions!$D$12/Assumptions!$D$14)*(Assumptions!$D$22/Assumptions!$D$22)*Assumptions!$B$6,0) | C8: =ROUND(Assumptions!$B$5*(Assumptions!$D$12/Assumptions!$D$14)*(Assumptions!$D$22/Assumptions!$D$22)*Assumptions!$B$6,0) | D8: =ROUND(Assumptions!$B$5*(Assumptions!$D$12/Assumptions!$D$14)*(Assumptions!$D$22/Assumptions!$D$22)*Assumptions!$B$6,0) | E8: =ROUND(Assumptions!$B$5*(Assumptions!$D$12/Assumptions!$D$14)*(Assumptions!$D$21/Assumptions!$D$22)*Assumptions!$B$6,0) | F8: =ROUND(Assumptions!$B$5*(Assumptions!$D$12/Assumptions!$D$14)*(Assumptions!$D$19/Assumptions!$D$22)*Assumptions!$B$6,0) | G8: =ROUND(Assumptions!$B$5*(Assumptions!$D$12/Assumptions!$D$14)*(Assumptions!$D$18/Assumptions!$D$22)*Assumptions!$B$6,0) | H8: =ROUND(Assumptions!$B$5*(Assumptions!$D$12/Assumptions!$D$14)*(Assumptions!$D$20/Assumptions!$D$22)*Assumptions!$B$6,0)
A9: May | B9: =ROUND(Assumptions!$B$5*(Assumptions!$D$11/Assumptions!$D$14)*(Assumptions!$D$22/Assumptions!$D$22)*Assumptions!$B$6,0) | C9: =ROUND(Assumptions!$B$5*(Assumptions!$D$11/Assumptions!$D$14)*(Assumptions!$D$22/Assumptions!$D$22)*Assumptions!$B$6,0) | D9: =ROUND(Assumptions!$B$5*(Assumptions!$D$11/Assumptions!$D$14)*(Assumptions!$D$22/Assumptions!$D$22)*Assumptions!$B$6,0) | E9: =ROUND(Assumptions!$B$5*(Assumptions!$D$11/Assumptions!$D$14)*(Assumptions!$D$21/Assumptions!$D$22)*Assumptions!$B$6,0) | F9: =ROUND(Assumptions!$B$5*(Assumptions!$D$11/Assumptions!$D$14)*(Assumptions!$D$19/Assumptions!$D$22)*Assumptions!$B$6,0) | G9: =ROUND(Assumptions!$B$5*(Assumptions!$D$11/Assumptions!$D$14)*(Assumptions!$D$18/Assumptions!$D$22)*Assumptions!$B$6,0) | H9: =ROUND(Assumptions!$B$5*(Assumptions!$D$11/Assumptions!$D$14)*(Assumptions!$D$20/Assumptions!$D$22)*Assumptions!$B$6,0)
A10: June | B10: =ROUND(Assumptions!$B$5*(Assumptions!$D$11/Assumptions!$D$14)*(Assumptions!$D$22/Assumptions!$D$22)*Assumptions!$B$6,0) | C10: =ROUND(Assumptions!$B$5*(Assumptions!$D$11/Assumptions!$D$14)*(Assumptions!$D$22/Assumptions!$D$22)*Assumptions!$B$6,0) | D10: =ROUND(Assumptions!$B$5*(Assumptions!$D$11/Assumptions!$D$14)*(Assumptions!$D$22/Assumptions!$D$22)*Assumptions!$B$6,0) | E10: =ROUND(Assumptions!$B$5*(Assumptions!$D$11/Assumptions!$D$14)*(Assumptions!$D$21/Assumptions!$D$22)*Assumptions!$B$6,0) | F10: =ROUND(Assumptions!$B$5*(Assumptions!$D$11/Assumptions!$D$14)*(Assumptions!$D$19/Assumptions!$D$22)*Assumptions!$B$6,0) | G10: =ROUND(Assumptions!$B$5*(Assumptions!$D$11/Assumptions!$D$14)*(Assumptions!$D$18/Assumptions!$D$22)*Assumptions!$B$6,0) | H10: =ROUND(Assumptions!$B$5*(Assumptions!$D$11/Assumptions!$D$14)*(Assumptions!$D$20/Assumptions!$D$22)*Assumptions!$B$6,0)
A11: July | B11: =ROUND(Assumptions!$B$5*(Assumptions!$D$14/Assumptions!$D$14)*(Assumptions!$D$22/Assumptions!$D$22)*Assumptions!$B$6,0) | C11: =ROUND(Assumptions!$B$5*(Assumptions!$D$14/Assumptions!$D$14)*(Assumptions!$D$22/Assumptions!$D$22)*Assumptions!$B$6,0) | D11: =ROUND(Assumptions!$B$5*(Assumptions!$D$14/Assumptions!$D$14)*(Assumptions!$D$22/Assumptions!$D$22)*Assumptions!$B$6,0) | E11: =ROUND(Assumptions!$B$5*(Assumptions!$D$14/Assumptions!$D$14)*(Assumptions!$D$21/Assumptions!$D$22)*Assumptions!$B$6,0) | F11: =ROUND(Assumptions!$B$5*(Assumptions!$D$14/Assumptions!$D$14)*(Assumptions!$D$19/Assumptions!$D$22)*Assumptions!$B$6,0) | G11: =ROUND(Assumptions!$B$5*(Assumptions!$D$14/Assumptions!$D$14)*(Assumptions!$D$18/Assumptions!$D$22)*Assumptions!$B$6,0) | H11: =ROUND(Assumptions!$B$5*(Assumptions!$D$14/Assumptions!$D$14)*(Assumptions!$D$20/Assumptions!$D$22)*Assumptions!$B$6,0)
A12: August | B12: =ROUND(Assumptions!$B$5*(Assumptions!$D$13/Assumptions!$D$14)*(Assumptions!$D$22/Assumptions!$D$22)*Assumptions!$B$6,0) | C12: =ROUND(Assumptions!$B$5*(Assumptions!$D$13/Assumptions!$D$14)*(Assumptions!$D$22/Assumptions!$D$22)*Assumptions!$B$6,0) | D12: =ROUND(Assumptions!$B$5*(Assumptions!$D$13/Assumptions!$D$14)*(Assumptions!$D$22/Assumptions!$D$22)*Assumptions!$B$6,0) | E12: =ROUND(Assumptions!$B$5*(Assumptions!$D$13/Assumptions!$D$14)*(Assumptions!$D$21/Assumptions!$D$22)*Assumptions!$B$6,0) | F12: =ROUND(Assumptions!$B$5*(Assumptions!$D$13/Assumptions!$D$14)*(Assumptions!$D$19/Assumptions!$D$22)*Assumptions!$B$6,0) | G12: =ROUND(Assumptions!$B$5*(Assumptions!$D$13/Assumptions!$D$14)*(Assumptions!$D$18/Assumptions!$D$22)*Assumptions!$B$6,0) | H12: =ROUND(Assumptions!$B$5*(Assumptions!$D$13/Assumptions!$D$14)*(Assumptions!$D$20/Assumptions!$D$22)*Assumptions!$B$6,0)
A13: September | B13: =ROUND(Assumptions!$B$5*(Assumptions!$D$13/Assumptions!$D$14)*(Assumptions!$D$22/Assumptions!$D$22)*Assumptions!$B$6,0) | C13: =ROUND(Assumptions!$B$5*(Assumptions!$D$13/Assumptions!$D$14)*(Assumptions!$D$22/Assumptions!$D$22)*Assumptions!$B$6,0) | D13: =ROUND(Assumptions!$B$5*(Assumptions!$D$13/Assumptions!$D$14)*(Assumptions!$D$22/Assumptions!$D$22)*Assumptions!$B$6,0) | E13: =ROUND(Assumptions!$B$5*(Assumptions!$D$13/Assumptions!$D$14)*(Assumptions!$D$21/Assumptions!$D$22)*Assumptions!$B$6,0) | F13: =ROUND(Assumptions!$B$5*(Assumptions!$D$13/Assumptions!$D$14)*(Assumptions!$D$19/Assumptions!$D$22)*Assumptions!$B$6,0) | G13: =ROUND(Assumptions!$B$5*(Assumptions!$D$13/Assumptions!$D$14)*(Assumptions!$D$18/Assumptions!$D$22)*Assumptions!$B$6,0) | H13: =ROUND(Assumptions!$B$5*(Assumptions!$D$13/Assumptions!$D$14)*(Assumptions!$D$20/Assumptions!$D$22)*Assumptions!$B$6,0)
A14: October | B14: =ROUND(Assumptions!$B$5*(Assumptions!$D$12/Assumptions!$D$14)*(Assumptions!$D$22/Assumptions!$D$22)*Assumptions!$B$6,0) | C14: =ROUND(Assumptions!$B$5*(Assumptions!$D$12/Assumptions!$D$14)*(Assumptions!$D$22/Assumptions!$D$22)*Assumptions!$B$6,0) | D14: =ROUND(Assumptions!$B$5*(Assumptions!$D$12/Assumptions!$D$14)*(Assumptions!$D$22/Assumptions!$D$22)*Assumptions!$B$6,0) | E14: =ROUND(Assumptions!$B$5*(Assumptions!$D$12/Assumptions!$D$14)*(Assumptions!$D$21/Assumptions!$D$22)*Assumptions!$B$6,0) | F14: =ROUND(Assumptions!$B$5*(Assumptions!$D$12/Assumptions!$D$14)*(Assumptions!$D$19/Assumptions!$D$22)*Assumptions!$B$6,0) | G14: =ROUND(Assumptions!$B$5*(Assumptions!$D$12/Assumptions!$D$14)*(Assumptions!$D$18/Assumptions!$D$22)*Assumptions!$B$6,0) | H14: =ROUND(Assumptions!$B$5*(Assumptions!$D$12/Assumptions!$D$14)*(Assumptions!$D$20/Assumptions!$D$22)*Assumptions!$B$6,0)
A15: November | B15: =ROUND(Assumptions!$B$5*(Assumptions!$D$13/Assumptions!$D$14)*(Assumptions!$D$22/Assumptions!$D$22)*Assumptions!$B$6,0) | C15: =ROUND(Assumptions!$B$5*(Assumptions!$D$13/Assumptions!$D$14)*(Assumptions!$D$22/Assumptions!$D$22)*Assumptions!$B$6,0) | D15: =ROUND(Assumptions!$B$5*(Assumptions!$D$13/Assumptions!$D$14)*(Assumptions!$D$22/Assumptions!$D$22)*Assumptions!$B$6,0) | E15: =ROUND(Assumptions!$B$5*(Assumptions!$D$13/Assumptions!$D$14)*(Assumptions!$D$21/Assumptions!$D$22)*Assumptions!$B$6,0) | F15: =ROUND(Assumptions!$B$5*(Assumptions!$D$13/Assumptions!$D$14)*(Assumptions!$D$19/Assumptions!$D$22)*Assumptions!$B$6,0) | G15: =ROUND(Assumptions!$B$5*(Assumptions!$D$13/Assumptions!$D$14)*(Assumptions!$D$18/Assumptions!$D$22)*Assumptions!$B$6,0) | H15: =ROUND(Assumptions!$B$5*(Assumptions!$D$13/Assumptions!$D$14)*(Assumptions!$D$20/Assumptions!$D$22)*Assumptions!$B$6,0)
A16: December | B16: =ROUND(Assumptions!$B$5*(Assumptions!$D$12/Assumptions!$D$14)*(Assumptions!$D$22/Assumptions!$D$22)*Assumptions!$B$6,0) | C16: =ROUND(Assumptions!$B$5*(Assumptions!$D$12/Assumptions!$D$14)*(Assumptions!$D$22/Assumptions!$D$22)*Assumptions!$B$6,0) | D16: =ROUND(Assumptions!$B$5*(Assumptions!$D$12/Assumptions!$D$14)*(Assumptions!$D$22/Assumptions!$D$22)*Assumptions!$B$6,0) | E16: =ROUND(Assumptions!$B$5*(Assumptions!$D$12/Assumptions!$D$14)*(Assumptions!$D$21/Assumptions!$D$22)*Assumptions!$B$6,0) | F16: =ROUND(Assumptions!$B$5*(Assumptions!$D$12/Assumptions!$D$14)*(Assumptions!$D$19/Assumptions!$D$22)*Assumptions!$B$6,0) | G16: =ROUND(Assumptions!$B$5*(Assumptions!$D$12/Assumptions!$D$14)*(Assumptions!$D$18/Assumptions!$D$22)*Assumptions!$B$6,0) | H16: =ROUND(Assumptions!$B$5*(Assumptions!$D$12/Assumptions!$D$14)*(Assumptions!$D$20/Assumptions!$D$22)*Assumptions!$B$6,0)
A18: SEASON LEGEND
A19: Peak – May, Jun | C19: High – Mar, Apr, Oct, Dec | E19: Shoulder – Feb, Aug, Sep, Nov | G19: Low – Jan, Jul

Sheet Spyglass
A1: SPYGLASS — NIGHTLY RATE MATRIX (USD)
A2: All rates are formulas — change Anchor on Assumptions tab to shift everything
A3: Month \ DOW | B3: D1 | C3: D1 | D3: D1 | E3: D2 | F3: D4 | G3: D5 | H3: D3
B4: Mon | C4: Tue | D4: Wed | E4: Thu | F4: Fri | G4: Sat | H4: Sun
A5: January | B5: =ROUND(Assumptions!$B$5*(Assumptions!$D$14/Assumptions!$D$14)*(Assumptions!$D$22/Assumptions!$D$22)*Assumptions!$B$7,0) | C5: =ROUND(Assumptions!$B$5*(Assumptions!$D$14/Assumptions!$D$14)*(Assumptions!$D$22/Assumptions!$D$22)*Assumptions!$B$7,0) | D5: =ROUND(Assumptions!$B$5*(Assumptions!$D$14/Assumptions!$D$14)*(Assumptions!$D$22/Assumptions!$D$22)*Assumptions!$B$7,0) | E5: =ROUND(Assumptions!$B$5*(Assumptions!$D$14/Assumptions!$D$14)*(Assumptions!$D$21/Assumptions!$D$22)*Assumptions!$B$7,0) | F5: =ROUND(Assumptions!$B$5*(Assumptions!$D$14/Assumptions!$D$14)*(Assumptions!$D$19/Assumptions!$D$22)*Assumptions!$B$7,0) | G5: =ROUND(Assumptions!$B$5*(Assumptions!$D$14/Assumptions!$D$14)*(Assumptions!$D$18/Assumptions!$D$22)*Assumptions!$B$7,0) | H5: =ROUND(Assumptions!$B$5*(Assumptions!$D$14/Assumptions!$D$14)*(Assumptions!$D$20/Assumptions!$D$22)*Assumptions!$B$7,0)
A6: February | B6: =ROUND(Assumptions!$B$5*(Assumptions!$D$13/Assumptions!$D$14)*(Assumptions!$D$22/Assumptions!$D$22)*Assumptions!$B$7,0) | C6: =ROUND(Assumptions!$B$5*(Assumptions!$D$13/Assumptions!$D$14)*(Assumptions!$D$22/Assumptions!$D$22)*Assumptions!$B$7,0) | D6: =ROUND(Assumptions!$B$5*(Assumptions!$D$13/Assumptions!$D$14)*(Assumptions!$D$22/Assumptions!$D$22)*Assumptions!$B$7,0) | E6: =ROUND(Assumptions!$B$5*(Assumptions!$D$13/Assumptions!$D$14)*(Assumptions!$D$21/Assumptions!$D$22)*Assumptions!$B$7,0) | F6: =ROUND(Assumptions!$B$5*(Assumptions!$D$13/Assumptions!$D$14)*(Assumptions!$D$19/Assumptions!$D$22)*Assumptions!$B$7,0) | G6: =ROUND(Assumptions!$B$5*(Assumptions!$D$13/Assumptions!$D$14)*(Assumptions!$D$18/Assumptions!$D$22)*Assumptions!$B$7,0) | H6: =ROUND(Assumptions!$B$5*(Assumptions!$D$13/Assumptions!$D$14)*(Assumptions!$D$20/Assumptions!$D$22)*Assumptions!$B$7,0)
A7: March | B7: =ROUND(Assumptions!$B$5*(Assumptions!$D$12/Assumptions!$D$14)*(Assumptions!$D$22/Assumptions!$D$22)*Assumptions!$B$7,0) | C7: =ROUND(Assumptions!$B$5*(Assumptions!$D$12/Assumptions!$D$14)*(Assumptions!$D$22/Assumptions!$D$22)*Assumptions!$B$7,0) | D7: =ROUND(Assumptions!$B$5*(Assumptions!$D$12/Assumptions!$D$14)*(Assumptions!$D$22/Assumptions!$D$22)*Assumptions!$B$7,0) | E7: =ROUND(Assumptions!$B$5*(Assumptions!$D$12/Assumptions!$D$14)*(Assumptions!$D$21/Assumptions!$D$22)*Assumptions!$B$7,0) | F7: =ROUND(Assumptions!$B$5*(Assumptions!$D$12/Assumptions!$D$14)*(Assumptions!$D$19/Assumptions!$D$22)*Assumptions!$B$7,0) | G7: =ROUND(Assumptions!$B$5*(Assumptions!$D$12/Assumptions!$D$14)*(Assumptions!$D$18/Assumptions!$D$22)*Assumptions!$B$7,0) | H7: =ROUND(Assumptions!$B$5*(Assumptions!$D$12/Assumptions!$D$14)*(Assumptions!$D$20/Assumptions!$D$22)*Assumptions!$B$7,0)
A8: April | B8: =ROUND(Assumptions!$B$5*(Assumptions!$D$12/Assumptions!$D$14)*(Assumptions!$D$22/Assumptions!$D$22)*Assumptions!$B$7,0) | C8: =ROUND(Assumptions!$B$5*(Assumptions!$D$12/Assumptions!$D$14)*(Assumptions!$D$22/Assumptions!$D$22)*Assumptions!$B$7,0) | D8: =ROUND(Assumptions!$B$5*(Assumptions!$D$12/Assumptions!$D$14)*(Assumptions!$D$22/Assumptions!$D$22)*Assumptions!$B$7,0) | E8: =ROUND(Assumptions!$B$5*(Assumptions!$D$12/Assumptions!$D$14)*(Assumptions!$D$21/Assumptions!$D$22)*Assumptions!$B$7,0) | F8: =ROUND(Assumptions!$B$5*(Assumptions!$D$12/Assumptions!$D$14)*(Assumptions!$D$19/Assumptions!$D$22)*Assumptions!$B$7,0) | G8: =ROUND(Assumptions!$B$5*(Assumptions!$D$12/Assumptions!$D$14)*(Assumptions!$D$18/Assumptions!$D$22)*Assumptions!$B$7,0) | H8: =ROUND(Assumptions!$B$5*(Assumptions!$D$12/Assumptions!$D$14)*(Assumptions!$D$20/Assumptions!$D$22)*Assumptions!$B$7,0)
A9: May | B9: =ROUND(Assumptions!$B$5*(Assumptions!$D$11/Assumptions!$D$14)*(Assumptions!$D$22/Assumptions!$D$22)*Assumptions!$B$7,0) | C9: =ROUND(Assumptions!$B$5*(Assumptions!$D$11/Assumptions!$D$14)*(Assumptions!$D$22/Assumptions!$D$22)*Assumptions!$B$7,0) | D9: =ROUND(Assumptions!$B$5*(Assumptions!$D$11/Assumptions!$D$14)*(Assumptions!$D$22/Assumptions!$D$22)*Assumptions!$B$7,0) | E9: =ROUND(Assumptions!$B$5*(Assumptions!$D$11/Assumptions!$D$14)*(Assumptions!$D$21/Assumptions!$D$22)*Assumptions!$B$7,0) | F9: =ROUND(Assumptions!$B$5*(Assumptions!$D$11/Assumptions!$D$14)*(Assumptions!$D$19/Assumptions!$D$22)*Assumptions!$B$7,0) | G9: =ROUND(Assumptions!$B$5*(Assumptions!$D$11/Assumptions!$D$14)*(Assumptions!$D$18/Assumptions!$D$22)*Assumptions!$B$7,0) | H9: =ROUND(Assumptions!$B$5*(Assumptions!$D$11/Assumptions!$D$14)*(Assumptions!$D$20/Assumptions!$D$22)*Assumptions!$B$7,0)
A10: June | B10: =ROUND(Assumptions!$B$5*(Assumptions!$D$11/Assumptions!$D$14)*(Assumptions!$D$22/Assumptions!$D$22)*Assumptions!$B$7,0) | C10: =ROUND(Assumptions!$B$5*(Assumptions!$D$11/Assumptions!$D$14)*(Assumptions!$D$22/Assumptions!$D$22)*Assumptions!$B$7,0) | D10: =ROUND(Assumptions!$B$5*(Assumptions!$D$11/Assumptions!$D$14)*(Assumptions!$D$22/Assumptions!$D$22)*Assumptions!$B$7,0) | E10: =ROUND(Assumptions!$B$5*(Assumptions!$D$11/Assumptions!$D$14)*(Assumptions!$D$21/Assumptions!$D$22)*Assumptions!$B$7,0) | F10: =ROUND(Assumptions!$B$5*(Assumptions!$D$11/Assumptions!$D$14)*(Assumptions!$D$19/Assumptions!$D$22)*Assumptions!$B$7,0) | G10: =ROUND(Assumptions!$B$5*(Assumptions!$D$11/Assumptions!$D$14)*(Assumptions!$D$18/Assumptions!$D$22)*Assumptions!$B$7,0) | H10: =ROUND(Assumptions!$B$5*(Assumptions!$D$11/Assumptions!$D$14)*(Assumptions!$D$20/Assumptions!$D$22)*Assumptions!$B$7,0)
A11: July | B11: =ROUND(Assumptions!$B$5*(Assumptions!$D$14/Assumptions!$D$14)*(Assumptions!$D$22/Assumptions!$D$22)*Assumptions!$B$7,0) | C11: =ROUND(Assumptions!$B$5*(Assumptions!$D$14/Assumptions!$D$14)*(Assumptions!$D$22/Assumptions!$D$22)*Assumptions!$B$7,0) | D11: =ROUND(Assumptions!$B$5*(Assumptions!$D$14/Assumptions!$D$14)*(Assumptions!$D$22/Assumptions!$D$22)*Assumptions!$B$7,0) | E11: =ROUND(Assumptions!$B$5*(Assumptions!$D$14/Assumptions!$D$14)*(Assumptions!$D$21/Assumptions!$D$22)*Assumptions!$B$7,0) | F11: =ROUND(Assumptions!$B$5*(Assumptions!$D$14/Assumptions!$D$14)*(Assumptions!$D$19/Assumptions!$D$22)*Assumptions!$B$7,0) | G11: =ROUND(Assumptions!$B$5*(Assumptions!$D$14/Assumptions!$D$14)*(Assumptions!$D$18/Assumptions!$D$22)*Assumptions!$B$7,0) | H11: =ROUND(Assumptions!$B$5*(Assumptions!$D$14/Assumptions!$D$14)*(Assumptions!$D$20/Assumptions!$D$22)*Assumptions!$B$7,0)
A12: August | B12: =ROUND(Assumptions!$B$5*(Assumptions!$D$13/Assumptions!$D$14)*(Assumptions!$D$22/Assumptions!$D$22)*Assumptions!$B$7,0) | C12: =ROUND(Assumptions!$B$5*(Assumptions!$D$13/Assumptions!$D$14)*(Assumptions!$D$22/Assumptions!$D$22)*Assumptions!$B$7,0) | D12: =ROUND(Assumptions!$B$5*(Assumptions!$D$13/Assumptions!$D$14)*(Assumptions!$D$22/Assumptions!$D$22)*Assumptions!$B$7,0) | E12: =ROUND(Assumptions!$B$5*(Assumptions!$D$13/Assumptions!$D$14)*(Assumptions!$D$21/Assumptions!$D$22)*Assumptions!$B$7,0) | F12: =ROUND(Assumptions!$B$5*(Assumptions!$D$13/Assumptions!$D$14)*(Assumptions!$D$19/Assumptions!$D$22)*Assumptions!$B$7,0) | G12: =ROUND(Assumptions!$B$5*(Assumptions!$D$13/Assumptions!$D$14)*(Assumptions!$D$18/Assumptions!$D$22)*Assumptions!$B$7,0) | H12: =ROUND(Assumptions!$B$5*(Assumptions!$D$13/Assumptions!$D$14)*(Assumptions!$D$20/Assumptions!$D$22)*Assumptions!$B$7,0)
A13: September | B13: =ROUND(Assumptions!$B$5*(Assumptions!$D$13/Assumptions!$D$14)*(Assumptions!$D$22/Assumptions!$D$22)*Assumptions!$B$7,0) | C13: =ROUND(Assumptions!$B$5*(Assumptions!$D$13/Assumptions!$D$14)*(Assumptions!$D$22/Assumptions!$D$22)*Assumptions!$B$7,0) | D13: =ROUND(Assumptions!$B$5*(Assumptions!$D$13/Assumptions!$D$14)*(Assumptions!$D$22/Assumptions!$D$22)*Assumptions!$B$7,0) | E13: =ROUND(Assumptions!$B$5*(Assumptions!$D$13/Assumptions!$D$14)*(Assumptions!$D$21/Assumptions!$D$22)*Assumptions!$B$7,0) | F13: =ROUND(Assumptions!$B$5*(Assumptions!$D$13/Assumptions!$D$14)*(Assumptions!$D$19/Assumptions!$D$22)*Assumptions!$B$7,0) | G13: =ROUND(Assumptions!$B$5*(Assumptions!$D$13/Assumptions!$D$14)*(Assumptions!$D$18/Assumptions!$D$22)*Assumptions!$B$7,0) | H13: =ROUND(Assumptions!$B$5*(Assumptions!$D$13/Assumptions!$D$14)*(Assumptions!$D$20/Assumptions!$D$22)*Assumptions!$B$7,0)
A14: October | B14: =ROUND(Assumptions!$B$5*(Assumptions!$D$12/Assumptions!$D$14)*(Assumptions!$D$22/Assumptions!$D$22)*Assumptions!$B$7,0) | C14: =ROUND(Assumptions!$B$5*(Assumptions!$D$12/Assumptions!$D$14)*(Assumptions!$D$22/Assumptions!$D$22)*Assumptions!$B$7,0) | D14: =ROUND(Assumptions!$B$5*(Assumptions!$D$12/Assumptions!$D$14)*(Assumptions!$D$22/Assumptions!$D$22)*Assumptions!$B$7,0) | E14: =ROUND(Assumptions!$B$5*(Assumptions!$D$12/Assumptions!$D$14)*(Assumptions!$D$21/Assumptions!$D$22)*Assumptions!$B$7,0) | F14: =ROUND(Assumptions!$B$5*(Assumptions!$D$12/Assumptions!$D$14)*(Assumptions!$D$19/Assumptions!$D$22)*Assumptions!$B$7,0) | G14: =ROUND(Assumptions!$B$5*(Assumptions!$D$12/Assumptions!$D$14)*(Assumptions!$D$18/Assumptions!$D$22)*Assumptions!$B$7,0) | H14: =ROUND(Assumptions!$B$5*(Assumptions!$D$12/Assumptions!$D$14)*(Assumptions!$D$20/Assumptions!$D$22)*Assumptions!$B$7,0)
A15: November | B15: =ROUND(Assumptions!$B$5*(Assumptions!$D$13/Assumptions!$D$14)*(Assumptions!$D$22/Assumptions!$D$22)*Assumptions!$B$7,0) | C15: =ROUND(Assumptions!$B$5*(Assumptions!$D$13/Assumptions!$D$14)*(Assumptions!$D$22/Assumptions!$D$22)*Assumptions!$B$7,0) | D15: =ROUND(Assumptions!$B$5*(Assumptions!$D$13/Assumptions!$D$14)*(Assumptions!$D$22/Assumptions!$D$22)*Assumptions!$B$7,0) | E15: =ROUND(Assumptions!$B$5*(Assumptions!$D$13/Assumptions!$D$14)*(Assumptions!$D$21/Assumptions!$D$22)*Assumptions!$B$7,0) | F15: =ROUND(Assumptions!$B$5*(Assumptions!$D$13/Assumptions!$D$14)*(Assumptions!$D$19/Assumptions!$D$22)*Assumptions!$B$7,0) | G15: =ROUND(Assumptions!$B$5*(Assumptions!$D$13/Assumptions!$D$14)*(Assumptions!$D$18/Assumptions!$D$22)*Assumptions!$B$7,0) | H15: =ROUND(Assumptions!$B$5*(Assumptions!$D$13/Assumptions!$D$14)*(Assumptions!$D$20/Assumptions!$D$22)*Assumptions!$B$7,0)
A16: December | B16: =ROUND(Assumptions!$B$5*(Assumptions!$D$12/Assumptions!$D$14)*(Assumptions!$D$22/Assumptions!$D$22)*Assumptions!$B$7,0) | C16: =ROUND(Assumptions!$B$5*(Assumptions!$D$12/Assumptions!$D$14)*(Assumptions!$D$22/Assumptions!$D$22)*Assumptions!$B$7,0) | D16: =ROUND(Assumptions!$B$5*(Assumptions!$D$12/Assumptions!$D$14)*(Assumptions!$D$22/Assumptions!$D$22)*Assumptions!$B$7,0) | E16: =ROUND(Assumptions!$B$5*(Assumptions!$D$12/Assumptions!$D$14)*(Assumptions!$D$21/Assumptions!$D$22)*Assumptions!$B$7,0) | F16: =ROUND(Assumptions!$B$5*(Assumptions!$D$12/Assumptions!$D$14)*(Assumptions!$D$19/Assumptions!$D$22)*Assumptions!$B$7,0) | G16: =ROUND(Assumptions!$B$5*(Assumptions!$D$12/Assumptions!$D$14)*(Assumptions!$D$18/Assumptions!$D$22)*Assumptions!$B$7,0) | H16: =ROUND(Assumptions!$B$5*(Assumptions!$D$12/Assumptions!$D$14)*(Assumptions!$D$20/Assumptions!$D$22)*Assumptions!$B$7,0)
A18: SEASON LEGEND
A19: Peak – May, Jun | C19: High – Mar, Apr, Oct, Dec | E19: Shoulder – Feb, Aug, Sep, Nov | G19: Low – Jan, Jul
